source,date,rating,visit_date,source_url,platform_rating,platform_reviews_count,captured_at,evidence_type,text,mentions_queue,mentions_price,mentions_crowd,mentions_fastpass,mentions_app,mentions_children,sentiment,attractions_mentioned
2gis,,,,https://2gis.ru/moscow/geo/70000001041928194/tab/reviews,4.6,4188+,2026-05-08,public_review_excerpt,"Пришли всей семьей, стояли в очереди около часа минимум, цены названы космосом.",True,True,False,False,False,False,negative,
2gis,,,,https://2gis.ru/moscow/geo/70000001041928194/tab/reviews,4.6,4188+,2026-05-08,public_review_excerpt,"Из минусов большие очереди в выходные, лучше ходить в будние дни.",True,False,False,False,False,False,neutral,
2gis,,,,https://2gis.ru/moscow/geo/70000001041928194/tab/reviews,4.6,4188+,2026-05-08,public_review_excerpt,"Очереди жуткие, стояли в очередях весь день, аттракционы обычные.",True,False,False,False,False,False,negative,
2gis,,,,https://2gis.ru/moscow/geo/70000001041928194/tab/reviews,4.6,4188+,2026-05-08,public_review_excerpt,"Очень понравилось, разные тематические зоны, но очень много народа.",True,False,True,False,False,False,positive,
tripadvisor,2025-07-31,4,2025-05,https://www.tripadvisor.ru/Attraction_Review-g298484-d20249825-Reviews-Ostrov_Mechty-Moscow_Central_Russia.html,3.0,580,2026-05-08,public_review_excerpt,"Минусы: огромные очереди, под вечер могут быть по несколько часов на один аттракцион.",True,False,False,False,False,False,negative,
tripadvisor,2025-07-31,3,2025-07,https://www.tripadvisor.ru/Attraction_Review-g298484-d20249825-Reviews-Ostrov_Mechty-Moscow_Central_Russia.html,3.0,580,2026-05-08,public_review_excerpt,На некоторые аттракционы стояли от 40 минут до часа.,True,False,False,False,False,False,neutral,
tripadvisor,2025-08-21,3,2025-08,https://www.tripadvisor.ru/Attraction_Review-g298484-d20249825-Reviews-Ostrov_Mechty-Moscow_Central_Russia.html,3.0,580,2026-05-08,public_review_excerpt,"Очереди невозможно длинные и долгие, есть посетители, которые пролезают вперед.",True,False,False,False,False,False,negative,
tripadvisor,2025-06-05,4,2025-06,https://www.tripadvisor.ru/Attraction_Review-g298484-d20249825-Reviews-Ostrov_Mechty-Moscow_Central_Russia.html,3.0,580,2026-05-08,public_review_excerpt,"Много народа, очереди, ресторанчики и кафешки не успевают обслуживать.",True,False,True,False,False,False,positive,
tripadvisor,2025-11-02,1,2025-11,https://www.tripadvisor.ru/Attraction_Review-g298484-d20249825-Reviews-or10-Ostrov_Mechty-Moscow_Central_Russia.html,3.0,577,2026-05-08,public_review_excerpt,"Негативный отзыв: бесконечные очереди, перегруженные аттракционы, дорогая еда и ощущение сильной коммерциализации.",True,False,False,False,False,False,negative,
tripadvisor,2025-11-18,1,2025-11,https://www.tripadvisor.ru/Attraction_Review-g298484-d20249825-Reviews-or10-Ostrov_Mechty-Moscow_Central_Russia.html,3.0,577,2026-05-08,public_review_excerpt,"За 4 человек стандартный билет около 15 тыс.; fast pass оценен как очень дорогой, очереди в будни меньше, но часть аттракционов была закрыта.",True,True,False,False,False,False,negative,
tripadvisor,,1,2025-07,https://www.tripadvisor.ru/Attraction_Review-g298484-d20249825-Reviews-or10-Ostrov_Mechty-Moscow_Central_Russia.html,3.0,577,2026-05-08,public_review_excerpt,"Семейный визит в будний день: потеряли время на прогулку, потом пришлось стоять в очередях 1.5-2 часа на короткие аттракционы.",True,False,False,False,False,False,negative,
tripadvisor,,1,2025-07,https://www.tripadvisor.ru/Attraction_Review-g298484-d20249825-Reviews-or10-Ostrov_Mechty-Moscow_Central_Russia.html,3.0,577,2026-05-08,public_review_excerpt,"Автор жалуется на разделение очередей: экспресс-посетители идут большим потоком, обычная очередь движется медленно.",True,True,False,True,False,False,negative,
yandex_reviews,2025-08-05,,,https://reviews.yandex.ru/product/park-razvlechenii-ostrov-mechty--64749272,,,2026-05-08,public_review_excerpt,"Ужасное место, очереди огромные, персонал медленный, в очереди прошло около 40 минут.",True,False,False,False,False,False,negative,
yandex_reviews,2025-07-14,,,https://reviews.yandex.ru/product/park-razvlechenii-ostrov-mechty--64749272,,,2026-05-08,public_review_excerpt,Очень большие очереди на карусели. За три часа получилось только три аттракциона.,True,False,False,False,False,False,neutral,
yandex_reviews_docx,,,,https://reviews.yandex.ru/product/park-razvlechenii-ostrov-mechty--64749272,,,2026-05-08,public_review_excerpt,"Прочитал множество отзывов. Были люди, которые ставили крайне низкие оценки, но я вообще не нашёл, к чему придраться, если соблюсти все логичные правила. Во-первых, в будние дни не только цена дешевле, но и очереди на аттракционы минимальные (самое долгое, где мы…",True,True,False,False,False,False,neutral,
yandex_reviews_docx,,,,https://reviews.yandex.ru/product/park-razvlechenii-ostrov-mechty--64749272,,,2026-05-08,public_review_excerpt,"Очень красиво. Много развлечений. Ребёнок в восторге. Очереди на аттракционы приличные, даже в первый час после открытия. А чем позже, тем очереди больше. На некоторые локации не попали из-за очередей на 2 часа. Ели возле отеля «Трансильвания» (таверна «Страхов»). Цены на…",True,True,False,False,False,False,positive,
yandex_reviews_docx,,,,https://reviews.yandex.ru/product/park-razvlechenii-ostrov-mechty--64749272,,,2026-05-08,public_review_excerpt,"Остров мечты – это отличный парк развлечений европейского уровня. Большой набор разных аттракционов для разных возрастов и уровней страха. Обязательно рекомендую идти с эктра-входом для детей, иначе огромное кол-во времени потратите на очереди (реально где-то можно…",True,False,False,False,False,False,neutral,
yandex_reviews_docx,,,,https://reviews.yandex.ru/product/park-razvlechenii-ostrov-mechty--64749272,,,2026-05-08,public_review_excerpt,"Незабываемый отдых!!! Дети были просто в восторге!!! Были с 12.00 и до закрытия, покатались на всём. Лучше сразу идти на горки черепашек ниндзя и на молот судьбы, что бы потом не стоять большие очереди, это по моему самые востребованные аттракционы. Но атракционы это…",True,False,False,False,False,True,positive,Молот судьбы
yandex_reviews_docx,,,,https://reviews.yandex.ru/product/park-razvlechenii-ostrov-mechty--64749272,,,2026-05-08,public_review_excerpt,"Были здесь с семьей в пятницу. Начитавшись отзывов, конечно, были сомнения, что придется провести много времени в очередях, но в итоге очередей не было вообще.",True,False,False,False,False,False,neutral,
yandex_reviews_docx,,,,https://reviews.yandex.ru/product/park-razvlechenii-ostrov-mechty--64749272,,,2026-05-08,public_review_excerpt,"Карта безлимит ,катаешься неограниченное количество раз ,единственное нужно приходить к открытию 12:00 и лучше в будни,тк очереди в выходные и праздничные дни очень большие!Аттракционов…",True,False,False,False,False,False,neutral,
yandex_reviews_docx,,,,https://reviews.yandex.ru/product/park-razvlechenii-ostrov-mechty--64749272,,,2026-05-08,public_review_excerpt,"Чудесное место для отдыха как детей, так и родителей. Много интересного и удивительного. Классные аттракционы для малышей, подростков и взрослых. Тематические зоны, аниматоры, украшения - всё супер! Очереди на некоторые аттракционы конечно очень длинные, но…",True,False,False,False,False,False,negative,
yandex_reviews_docx,,,,https://reviews.yandex.ru/product/park-razvlechenii-ostrov-mechty--64749272,,,2026-05-08,public_review_excerpt,"Были п парке в четверг 05.03.26 года и не прогодали. Прияехали к 13.00,гароду почти небыло, брали специально день отпуска, чтобы накатать я без очереди. Ребёнок 8 лет 140 см. прошёл по всем аттракционам, на некоторых по несколько раз. 17 лет ребёнок рост 186…",True,False,False,False,False,False,neutral,
yandex_reviews_docx,,,,https://reviews.yandex.ru/product/park-razvlechenii-ostrov-mechty--64749272,,,2026-05-08,public_review_excerpt,"Замечательный парк аттракционов. Под крышей, от погоды не зависит. Множество локаций, красиво с душой сделанных. Аттракционов множество, на любой вкус. Советую посетить с детьми, и без детей тоже советую. Единственное, много народа, и очередь на популярные…",True,False,True,False,False,False,neutral,
yandex_reviews_docx,,,,https://reviews.yandex.ru/product/park-razvlechenii-ostrov-mechty--64749272,,,2026-05-08,public_review_excerpt,"Самое запоминающиеся место для досуга всей семьёй. Были с ребенком на весенних каникулах, ходили в будний день. Пришли к самому открытию. С 12:00 до 15:00 катались без очередей. С 15:00 до 19:00 в парке народу прибавилось, очереди были, но не критичные, а с 19:00 катались…",True,False,True,False,False,False,neutral,
yandex_reviews_docx,,,,https://reviews.yandex.ru/product/park-razvlechenii-ostrov-mechty--64749272,,,2026-05-08,public_review_excerpt,"Были с внуком с 6.01.2026г. Просто сказка! Очень понравилось. Все продумано, каждая мелочь. У нас был ранний проход с 10 часов, поэтому мы успели прокатиться на некоторых аттракционах без очереди. Особенно понравилась Кобра (выброс адреналина) , отель…",True,False,False,False,False,False,positive,
yandex_reviews_docx,,,,https://reviews.yandex.ru/product/park-razvlechenii-ostrov-mechty--64749272,,,2026-05-08,public_review_excerpt,"Место очень классное! Если бы в моем детстве я приехала сюда , я бы была в восторге от вида, красоты и такого сказочного города. были в новогодние каникулы, понятно, что очереди будут огромными, в целом мы это осознавали, но нужно было сводить детей именно в этот период.…",True,False,False,False,False,False,positive,
yandex_reviews_docx,,,,https://reviews.yandex.ru/product/park-razvlechenii-ostrov-mechty--64749272,,,2026-05-08,public_review_excerpt,"Парк огромный, вызывает восторг не только у маленьких посетителей, но и у больших, которые любят, когда адреналин кипит в крови. Билеты приобрели заранее онлайн, на входе за ними очередь, на вход тоже после открытия в 12:30 ещё была очередь. Самое ужасное это очереди. Мы…",True,True,False,False,False,False,negative,
yandex_reviews_docx,,,,https://reviews.yandex.ru/product/park-razvlechenii-ostrov-mechty--64749272,,,2026-05-08,public_review_excerpt,"Прекрасный парк аттракционов . Все продумано. Много фуд кортов, огромные гардеробы , где люди не толпятся ! Есть возможность купить билет скороход , чтобы без очередей кататься . Но ) у нас был скороход , таких хитрых , видимо много , так что и на скороход стояла очередь !…",True,True,False,False,False,False,negative,
yandex_reviews_docx,,,,https://reviews.yandex.ru/product/park-razvlechenii-ostrov-mechty--64749272,,,2026-05-08,public_review_excerpt,"Это потрясающее место, красиво как в диснеевском мультике, работники все очень вежливые, нам может с днем повезло, мы вообще нигде в очереди не стояли. Полет в туннель классный аттракцион, длится всего 60 секунд, но их достаточно 😂…",True,False,False,False,False,False,neutral,
yandex_reviews_docx,,,,https://reviews.yandex.ru/product/park-razvlechenii-ostrov-mechty--64749272,,,2026-05-08,public_review_excerpt,"Очень крутое место для отдыха. В 12:00 очереди на вход нет. До 13:00 на аттракционы можно спокойно ходить, а после приходится ждать от 15 до 30 минут. Но это того стоит. Есть аттракционы и для детей и для взрослых. Мне очень понравились «молот судьбы» и «мельница», а также…",True,False,False,False,False,False,neutral,Мельница;Молот судьбы
yandex_reviews_docx,,,,https://reviews.yandex.ru/product/park-razvlechenii-ostrov-mechty--64749272,,,2026-05-08,public_review_excerpt,"Изумительный парк аттракционов. Были там всей семьёй ( двое детей пяти лет) накатались до безпамятства. Повезло что пошли в будний день, думаю, что в выходной была бы очередь, так как в понедельник практически не было очереди. Изумительное кафе на территории парка…",True,False,False,False,False,False,neutral,
yandex_reviews_docx,,,,https://reviews.yandex.ru/product/park-razvlechenii-ostrov-mechty--64749272,,,2026-05-08,public_review_excerpt,"Были в парке с детьми 20.12.25 , с 12 часов и вышли в 19 часов, дети хотели еще остаться, покатались почти на всех аттракционах , да на некоторых пришлось постоять по 20-30 минут , но оно того стоило , ребенку 5 лет и 15 лет понравилось , можно вкусно перекусить ,…",True,False,False,False,False,True,positive,
yandex_reviews_docx,,,,https://reviews.yandex.ru/product/park-razvlechenii-ostrov-mechty--64749272,,,2026-05-08,public_review_excerpt,"Ценник приятный, развлечений много. Но конечно билеты экспресс намного лучше, пройти можно без очереди . Учтите если дети ниже 90 см , особо никуда их не пустят. Там у каждого аттракциона стоит ростомер , и если меньше , можно даже не стоять. Очередь это самое наверное…",True,True,False,True,False,True,neutral,
yandex_reviews_docx,,,,https://reviews.yandex.ru/product/park-razvlechenii-ostrov-mechty--64749272,,,2026-05-08,public_review_excerpt,"Прекрасный парк аттракционов, но очереди очень бывают большие, лучше посещать в вс вторая половина дня, пн, вт, и не в дни каникул, цены на вход меньше и меньше очереди, в другие дни действуют льготные билеты, много студентов, самый треш по субботам, круто маленьким…",True,True,False,False,False,False,neutral,
yandex_reviews_docx,,,,https://reviews.yandex.ru/product/park-razvlechenii-ostrov-mechty--64749272,,,2026-05-08,public_review_excerpt,"Мечтала несколько лет попасть в этот парк.Это восторг)Ребенок внутри пищал от радости при виде красивых декораций,тематических зон,аттракционов. Но минус,который невозможно не выделить - это стоимость билетов и время ожидания в очереди на аттракцион. Были…",True,True,False,False,False,True,negative,
yandex_reviews_docx,,,,https://reviews.yandex.ru/product/park-razvlechenii-ostrov-mechty--64749272,,,2026-05-08,public_review_excerpt,"Интересное местечко) детям, конечно же будет куда интересней, но и на взрослых там найдутся развлечения. Очень много тематических зон, за 1 день невозможно обойти все, как и покататься на всех аттракционах. Очень жаль, что попали в выходной праздник, очереди громаднейшие,…",True,False,False,False,False,True,negative,
yandex_reviews_docx,,,,https://reviews.yandex.ru/product/park-razvlechenii-ostrov-mechty--64749272,,,2026-05-08,public_review_excerpt,"Посещаем много мест с ребёнком и только сейчас решила начать оставлять отзывы, так как сказать мне есть что)) Не поняла негативных отзывов, сотрудники доброжелательные, очереди в будний день были не огромные, отказываюсь понимать почему этому кто - то удивляется, в…",True,False,False,False,False,False,negative,
yandex_reviews_docx,,,,https://reviews.yandex.ru/product/park-razvlechenii-ostrov-mechty--64749272,,,2026-05-08,public_review_excerpt,"Были в этом парке 14.04.2026г , нам все понравилось, приехали специально в будний день, очереди были,но не большие,в основном переживали,что потратим много времени в очередях,но нет)",True,False,False,False,False,False,positive,
yandex_reviews_docx,,,,https://reviews.yandex.ru/product/park-razvlechenii-ostrov-mechty--64749272,,,2026-05-08,public_review_excerpt,"Была в первый раз. Купила билет в будний день, пришла а 12, но народу уже много было. Идея парка под крышей невероятно привлекательна, и зимой, и летом работает. Стояла в очередях не очень долго по времени. Прооралась на горках, как и хотелось в конце этого тяжёлого года.…",True,True,True,False,False,False,neutral,
yandex_reviews_docx,,,,https://reviews.yandex.ru/product/park-razvlechenii-ostrov-mechty--64749272,,,2026-05-08,public_review_excerpt,"Дорого, большие очереди, но ребёнку очень очень очень понравилось. По совету знакомых брали вход экспресс, это было правильное решение, т.к. на самых популярных аттракционах даже с таким браслетом была очередь, пусть небольшая, но была. А так стоять в очереди час или даже…",True,True,False,True,False,False,negative,
yandex_reviews_docx,,,,https://reviews.yandex.ru/product/park-razvlechenii-ostrov-mechty--64749272,,,2026-05-08,public_review_excerpt,"Были в понедельник с детьми 3 и 14 лет (прогуляли школу и садик😁). Дольше 10 минут в очереди не стояли, а на каких-то аттракционах вообще сразу садились и катались по несколько раз. Поэтому советую ходить в будни и не стоять в километровых очередях.…",True,False,False,False,False,False,neutral,
yandex_reviews_docx,,,,https://reviews.yandex.ru/product/park-razvlechenii-ostrov-mechty--64749272,,,2026-05-08,public_review_excerpt,"Народу полно, с 12ти открытие, ещё можно спокойно пройти покататься, после 3ёх и до 21:00 очереди по часу-полтора! ( Поэтому на будущее,…",True,False,True,False,False,False,neutral,
yandex_reviews_docx,,,,https://reviews.yandex.ru/product/park-razvlechenii-ostrov-mechty--64749272,,,2026-05-08,public_review_excerpt,"Были на новогодние праздники 2026, вместе с детками 12 и 7 лет. Всего за 4 человека отдали 12000 (скидок на детей нет совсем). Очень атмосферно, Сочи - парк отдыхает. Из минусов только огромные очереди, в которых мы стояли по часу, некоторые развлечения конечно же за дополнительную…",True,False,False,False,False,False,negative,
yandex_reviews_docx,,,,https://reviews.yandex.ru/product/park-razvlechenii-ostrov-mechty--64749272,,,2026-05-08,public_review_excerpt,"Были несколько раз в парке. Парк отличный есть разные зоны по возрасту и экстремальности. На самые популярные аттракционы бывают большие очереди но это в любом таком месте. Можно пойти в более свободные часы. Есть зона с ресторанами и едой. Мы берём с собой воду, термос и перекус.",True,False,False,False,False,False,neutral,
yandex_reviews_docx,,,,https://reviews.yandex.ru/product/park-razvlechenii-ostrov-mechty--64749272,,,2026-05-08,public_review_excerpt,"Посещали парк 6 января 2026 года, были в первый раз, в целом детям понравились и атракционы и развлечения. Мы были вчетвером, поэтому как-то за разговорами время в очереди на атракционы проходило быстрее, так по составляло 1,5 часа. Правда, ребята молодцы,…",True,False,False,False,False,True,neutral,
yandex_reviews_docx,,,,https://reviews.yandex.ru/product/park-razvlechenii-ostrov-mechty--64749272,,,2026-05-08,public_review_excerpt,"Волшебное место и для детей, и для взрослых. Я была 2 раза и оба раза восторг. Единственное, я бы советовала ехать в будний день, не в праздники, чтобы были поменьше очереди. Красота нереальная. Когда цена за билет абсолютно оправдана!!! 2й раз были в середине ноября. Уже все было украшение к нг. Это великолепно!!! Всем советую к посещению.",True,True,False,False,False,False,neutral,
yandex_reviews_docx,,,,https://reviews.yandex.ru/product/park-razvlechenii-ostrov-mechty--64749272,,,2026-05-08,public_review_excerpt,"Классное место. Много аттракционов, но в каждом длинные очереди(выходной день). Нужно приезжать к открытию, очереди еще не такие большие. После обеда народ прибавляется знатно. В отель Трансильвания простояли час, но он не стоит этого. Плохо что на…",True,False,False,False,False,False,negative,
yandex_reviews_docx,,,,https://reviews.yandex.ru/product/park-razvlechenii-ostrov-mechty--64749272,,,2026-05-08,public_review_excerpt,"Ходили с семьей в марте 2026. Были приятно удивлены, что 5 лет спустя после первого посещения парк не «устал», аттракционов стало больше. Скоро еще достроят большую зону аттракционов на улице и будет точно насыщеннее, чем в том же Сочи Парке. Очереди - в зависимости от того…",True,False,False,False,False,False,neutral,
yandex_reviews_docx,,,,https://reviews.yandex.ru/product/park-razvlechenii-ostrov-mechty--64749272,,,2026-05-08,public_review_excerpt,"Посещали в будни, поэтому удалось избежать очередей. Хотя на популярные атракционы пришлось всё равно постоять. Для тех кто решил идти в выходной или праздничный день советую запастись терпением.…",True,False,False,False,False,False,neutral,
yandex_reviews_docx,,,,https://reviews.yandex.ru/product/park-razvlechenii-ostrov-mechty--64749272,,,2026-05-08,public_review_excerpt,"Доброго дня, 09.01.26, нужно было попасть на концерт ""Имена на все времена"", в КЗ *Москва*. Чтоб просто не ожидать концерт в пустую, решили покататься на аттракционах. Огромные очереди, за не малые деньги , больше стояли в очереди, чем катались на аттракционах,…",True,False,False,False,False,False,negative,
yandex_reviews_docx,,,,https://reviews.yandex.ru/product/park-razvlechenii-ostrov-mechty--64749272,,,2026-05-08,public_review_excerpt,"Здесь очень классно и весело, лучше приходить к открытию, чтобы поменьше стоять в очередях. Очень красиво везде! 😍 Есть аттракционы и для маленьких и экстремальные для взрослых, подходит на любой…",True,False,False,False,False,False,positive,
yandex_reviews_docx,,,,https://reviews.yandex.ru/product/park-razvlechenii-ostrov-mechty--64749272,,,2026-05-08,public_review_excerpt,"Если ваша мечта-стоять в очереди, то вам точно понравится! Все здорово здесь, конечно! Куча аттракционов, красивейших локаций, и тд... Аттракционы представлены на все возраста и стрессоустойчивость, есть прям невероятно страшные, мне было даже с земли жутко смотреть) В…",True,False,False,False,False,False,neutral,
yandex_reviews_docx,,,,https://reviews.yandex.ru/product/park-razvlechenii-ostrov-mechty--64749272,,,2026-05-08,public_review_excerpt,"Остров мечты, это хорошее место где можно весело и интересно провести время. Что бы не стоять в очереди на аттракционы, лучше идти в будний день. Успели покататься на почти всех аттракционах, и не по одному разу. Хочу отметить ""черепашки ниндзя"" и молот судьбы"" от них дух захватывает. Так есть разные кафе где можно перекусить.",True,False,False,False,False,False,neutral,Молот судьбы
yandex_reviews_docx,,,,https://reviews.yandex.ru/product/park-razvlechenii-ostrov-mechty--64749272,,,2026-05-08,public_review_excerpt,"Аттракционы классные, в пятницу с 12 утра, народу прилично, но проходили быстро, буквально минут 10 в очереди.",True,False,True,False,False,False,neutral,
yandex_reviews_docx,,,,https://reviews.yandex.ru/product/park-razvlechenii-ostrov-mechty--64749272,,,2026-05-08,public_review_excerpt,"Отдыхали с ребенком. Приехали к открытию, там уже огромная толпа. Билеты продаются без ограничений, сколько влезет, чтобы заполнить пустоты площади. За 2 часа мы попали на 3 аттракциона, один из которых был за доплату. Очереди дикие. Потом за 9 тысяч купили ребенку…",True,True,True,False,False,False,neutral,
yandex_reviews_docx,,,,https://reviews.yandex.ru/product/park-razvlechenii-ostrov-mechty--64749272,,,2026-05-08,public_review_excerpt,"лучше приходить к открытию и в будни, очереди будут поменьше и народу не супер много",True,False,True,False,False,False,neutral,
yandex_reviews_docx,,,,https://reviews.yandex.ru/product/park-razvlechenii-ostrov-mechty--64749272,,,2026-05-08,public_review_excerpt,"Ценник не слабый, выгоднее идти по семейному тарифу, также надо понимать где круто и страшно всегда очередь, если идете в выходные…",True,True,False,False,False,False,neutral,
yandex_reviews_docx,,,,https://reviews.yandex.ru/product/park-razvlechenii-ostrov-mechty--64749272,,,2026-05-08,public_review_excerpt,"Это волшебное место! В детстве мечтал побывать в Диснейленде, но этот наш Остров мечты удовлетворил полностью мои детские мечты. Все хорошо: антураж, локации и зоны, атракционы, рестораны и кофе. Были с семьей 2 раза, поедем ещё. Единственный минус - это очереди на…",True,False,False,False,False,False,neutral,
yandex_reviews_docx,,,,https://reviews.yandex.ru/product/park-razvlechenii-ostrov-mechty--64749272,,,2026-05-08,public_review_excerpt,"В парк развлечений Остров Мечты я посетила с братом и с родителями. Очередь на вход была не большая, в раздевалке было свободно. На аттракционы огромные очереди, пришлось купить экспресс-вход, дорого, но удобно, попасть на аттракцион по стандартному билету…",True,True,False,True,False,False,negative,
yandex_reviews_docx,,,,https://reviews.yandex.ru/product/park-razvlechenii-ostrov-mechty--64749272,,,2026-05-08,public_review_excerpt,"Очень классный парк. Детям понравилось, взрослым тоже. Много локаций и аттракционов. В выходные лучше не ехать, большие очереди,но с экспресс билетом это решаемо! Очень понравился Отель Трансильвания. Воздушный экспресс нам понравился, отлично прокатились под крышей Торгового центра. Обязательно приедем ещё.",True,True,False,True,False,True,positive,
yandex_reviews_docx,,,,https://reviews.yandex.ru/product/park-razvlechenii-ostrov-mechty--64749272,,,2026-05-08,public_review_excerpt,"Если идете в выходной, праздничный день или в каникулы очень рекомендую приобрести fast pass и не стоять в очереди на аттракционы",True,False,False,False,False,False,neutral,
yandex_reviews_docx,,,,https://reviews.yandex.ru/product/park-razvlechenii-ostrov-mechty--64749272,,,2026-05-08,public_review_excerpt,"Были с детьми на новогодние праздники. Оооочень много людей. На аттракцион с лодочками ждали очереди около часа. Это минус. Из плюсов: аттракционы на любой возраст и интерес, есть детская площадка, там , где Смурфики. После покупки билета пришло предложение на…",True,True,True,False,False,False,neutral,
yandex_reviews_docx,,,,https://reviews.yandex.ru/product/park-razvlechenii-ostrov-mechty--64749272,,,2026-05-08,public_review_excerpt,"невероятное место, чтобы получить кайф и адреналин, очень здорово все оформлено, много разных локаций в разных стилях. кроме аттракционов, закупиться можно чем угодно и покушать. цены приемлемые за такие развлечения. очереди правда большие, но это терпимо, пока стоишь, моэно рассмотреть все вокруг и клево пофоткаться",True,True,False,False,False,False,neutral,
yandex_reviews_docx,,,,https://reviews.yandex.ru/product/park-razvlechenii-ostrov-mechty--64749272,,,2026-05-08,public_review_excerpt,"Парк развлечений отличный. В любую погоду можно кататься на аттракционах. Лучше конечно придти в будний день, народу меньше, в выходные придется стоять в очередях на аттракционы. Здесь можно провести целый день! Полно кафе/ресторанов, туалетов…",True,False,True,False,False,False,neutral,
yandex_reviews_docx,,,,https://reviews.yandex.ru/product/park-razvlechenii-ostrov-mechty--64749272,,,2026-05-08,public_review_excerpt,"Были в среду. Все понравилось. Было немного людей, очередей не было. Билет купили заранее на сайте. Очень комфортный отдых. Расположен рядом с метро. Есть большая парковка, в среду было много свободных мест. Покатались на всех аттракционах и по несколько раз на самых…",True,True,True,False,False,False,positive,
yandex_reviews_docx,,,,https://reviews.yandex.ru/product/park-razvlechenii-ostrov-mechty--64749272,,,2026-05-08,public_review_excerpt,"Вчера почитала все негативные отзывы и как хорошо, что я в них не поверила!!! Мы приехали в парк в 10:30. Народа было очень мало. Дети спокойно катались на чем хотели. (у меня сын 12 лет и дочь 11 лет). Мы были в парке до 18:00. Очереди видела, но в них не стояла. Воду и…",True,False,True,False,False,True,neutral,
yandex_reviews_docx,,,,https://reviews.yandex.ru/product/park-razvlechenii-ostrov-mechty--64749272,,,2026-05-08,public_review_excerpt,"Ооочень понравилось данное место! Восторг! Были с подружкой в будни и людей было не так много, как наверное в выходные,очереди были приемлемые.А сами аттракционы- фантастика, дух захватывает. Само помещение,куда голову не поверни,везде красивые детализированные декорации, очень круто сделано!",True,False,False,False,False,False,positive,
yandex_reviews_docx,,,,https://reviews.yandex.ru/product/park-razvlechenii-ostrov-mechty--64749272,,,2026-05-08,public_review_excerpt,"В будний день, четверг в январе - очереди совсем небольшие начались только после 2 часов дня. Но буквально сесть не в первый заход, а во 2-3. Без экстра-проходки, конечно. Что творится в выходные - не знаю.",True,False,False,False,False,False,neutral,
yandex_reviews_docx,,,,https://reviews.yandex.ru/product/park-razvlechenii-ostrov-mechty--64749272,,,2026-05-08,public_review_excerpt,"Прекрасное место с прекрасными аттракционами, весело будет не только деткам, но и взрослым. Ценник приемлемый, большинство аттракционов входят в стоимость билета. И лучше туда ехать в будний день до обеда, иначе очереди будут километровые.",True,True,False,False,False,False,neutral,
yandex_reviews_docx,,,,https://reviews.yandex.ru/product/park-razvlechenii-ostrov-mechty--64749272,,,2026-05-08,public_review_excerpt,"Можно спокойно провести весь день (стоя в очереди на аттракционы). Лучше приходить в будний день и с утра, когда меньше народу. Аттракционы разнообразные, любой найдет для себя подходящий. Удручает, что заплатив за вход немалые деньги, внутри за некоторые…",True,False,True,False,False,False,neutral,
yandex_reviews_docx,,,,https://reviews.yandex.ru/product/park-razvlechenii-ostrov-mechty--64749272,,,2026-05-08,public_review_excerpt,"Отличный парк для детей любого возраста. Провели здесь целый день, и дети не хотели уходить. На топовые аттракционы конечно очереди, но к вечеру стало проще. Много мест где можно поесть.",True,False,False,False,False,True,neutral,
yandex_reviews_docx,,,,https://reviews.yandex.ru/product/park-razvlechenii-ostrov-mechty--64749272,,,2026-05-08,public_review_excerpt,"Были 28 апреля 2026 года (рабочий день, нет школьных каникул, мерзкая погода). Нам очень повезло. Народу было очень мало, на аттракционы очередей не было, не считая одного на воде - простояли аж 15 минут))). Очень отзывчивый, приветливый персонал, к детям очень внимательны. Спасибо) День рождения ребенка удался)",True,False,True,False,False,True,negative,
yandex_reviews_docx,,,,https://reviews.yandex.ru/product/park-razvlechenii-ostrov-mechty--64749272,,,2026-05-08,public_review_excerpt,"Кайфовое место! Устала там бегать))) цены доступные, идеально не в каникулы и выходные, в будни, очереди были, но без этого «сумасшествия!» Сын очень доволен. Я боялась кататься, мне страшно) так, на парочку зашла) Погулять там удовольствие! И паркинг удобный",True,True,False,False,False,False,neutral,
yandex_reviews_docx,,,,https://reviews.yandex.ru/product/park-razvlechenii-ostrov-mechty--64749272,,,2026-05-08,public_review_excerpt,"Ну что сказать был тут 3 раза 1 раз брал обычный билет, 2 раз был с детьми и тоже брал обычный очередь конечно обожаю, стоять по часу полтора чтобы покататься на одной. По итогу приехал 3 раз, но взял экспресс вход и о чудо все без очереди честно гордость даже берет…",True,True,False,True,False,False,neutral,
yandex_reviews_docx,,,,https://reviews.yandex.ru/product/park-razvlechenii-ostrov-mechty--64749272,,,2026-05-08,public_review_excerpt,"Прекрасный парк, дети разного возраста найдут развлечения по душе. Но время в очереди конечно удручает. Переплата за экспресс вход не оправдана. Даже с экспресс входом приходится ожидать . Наверно в будним дни комфортнее, но мы былы в выходной. Есть не компетентные…",True,True,False,True,False,True,neutral,
yandex_reviews_docx,,,,https://reviews.yandex.ru/product/park-razvlechenii-ostrov-mechty--64749272,,,2026-05-08,public_review_excerpt,"Когда первый раз поехали туда, была в восторге. Некоторые люди пишут, что очереди слишком большие, а что вы хотели? За несколько минут пройти всю очередь. Естественно здесь нужно стоять в очереди и ждать…",True,False,False,False,False,False,positive,
yandex_reviews_docx,,,,https://reviews.yandex.ru/product/park-razvlechenii-ostrov-mechty--64749272,,,2026-05-08,public_review_excerpt,"Неплохое место, если смотреть с точки зрения наполнения аттракционами. Но, как всегда дьявол кроется в деталях. Когда там был с дочерью, то процентов 20 аттракционов не работали. Плюс на каждый аттракцион сумасшедшая очередь. Портит всё впечатление…",True,False,False,False,False,False,negative,
yandex_reviews_docx,,,,https://reviews.yandex.ru/product/park-razvlechenii-ostrov-mechty--64749272,,,2026-05-08,public_review_excerpt,"Большой парк аттракционов. Много локаций, предварительную информацию для посещения можно посмотреть у них на сайте. Есть и лёгкие карусельки, есть и очень страшные, каждый найдет по своему вкусу. Детям нравится, взрослым есть, где посидеть и подождать. Ну и…",True,False,False,False,False,True,neutral,
yandex_reviews_docx,,,,https://reviews.yandex.ru/product/park-razvlechenii-ostrov-mechty--64749272,,,2026-05-08,public_review_excerpt,"Были с детьми 6-7 лет. Все супер, очереди ну это приемлемо, дети в восторге, но вот кафе возле замка трансельвании не айс. Котлета в бургере не проживать, картошка не солёная, только напиток смогли выпить и нагетсы сьесть) домашний кетчуп это томатный сок) странно в общем,не стоит тех денег",True,False,False,False,False,True,negative,
yandex_reviews_docx,,,,https://reviews.yandex.ru/product/park-razvlechenii-ostrov-mechty--64749272,,,2026-05-08,public_review_excerpt,"Ребёнку понравилось. Очень тяжело стоять в очереди, а так на любой вкус есть развлечения. Жарко очень. Цены огромные на билеты- детский 3250 и взрослые 3800, это если на сайте. Лучше брать экспресс, чтобы не стоять в очереди. Мне разово хватило сходить, нового ничего не будет, а это…",True,True,False,True,False,False,negative,
yandex_reviews_docx,,,,https://reviews.yandex.ru/product/park-razvlechenii-ostrov-mechty--64749272,,,2026-05-08,public_review_excerpt,"Парк аттракционов, один из моих любимых. Посещаю раз в год, как минимум. Много аттракционов, но большие очереди, ну как же без этого. Есть места где перекусить и отдохнуть от прекрасного время провождения",True,False,False,False,False,False,neutral,
yandex_reviews_docx,,,,https://reviews.yandex.ru/product/park-razvlechenii-ostrov-mechty--64749272,,,2026-05-08,public_review_excerpt,"Отличное место , огромное пространство, которое явно не оставит ребенка равнодушным, множество аттракционов для разных возрастов. Единственный совет : избегаете походов в праздники - огромные очереди, которые растягиваются на час, а на самые популярные аттракционы и…",True,False,False,False,False,False,negative,
yandex_reviews_docx,,,,https://reviews.yandex.ru/product/park-razvlechenii-ostrov-mechty--64749272,,,2026-05-08,public_review_excerpt,"нам не понравилось,стоит дорого - ко входному билету + мы покупали билет на вход без очереди и стояли в очереди для тех кто с таким же билетом))) и это в будний день!",True,True,False,False,False,False,negative,
yandex_reviews_docx,,,,https://reviews.yandex.ru/product/park-razvlechenii-ostrov-mechty--64749272,,,2026-05-08,public_review_excerpt,"Лучшее место для детей в Москве. Единственный минус - в выходные пришлось докупать ""экспресс проход"", так как в общей очереди ребенок стоял по 30-40 минут.",True,True,False,True,False,True,neutral,
yandex_reviews_docx,,,,https://reviews.yandex.ru/product/park-razvlechenii-ostrov-mechty--64749272,,,2026-05-08,public_review_excerpt,"Были в последний раз несколько лет назад, с тех пор территория с аттракционами увеличилась и добавились еще развлечения на воздухе. Лучше приходить в будни, не каникулы, желательно пораньше, либо придется стоять по 20-40 мин в очереди на каждую посадку или…",True,False,False,False,False,False,neutral,
yandex_reviews_docx,,,,https://reviews.yandex.ru/product/park-razvlechenii-ostrov-mechty--64749272,,,2026-05-08,public_review_excerpt,Поехали отмечать др у сына. Дети довольны. Билеты лучше купить онлайн - это дешевле. В кассе тоже без проблем. Очереди на входе в 12:00 нет. Но у всех эффектных аттракционов очереди по 15-30 минут. Иногда и больше. К 15:00 - самый пик посещения. После 18:00 народа становится меньше.…,True,True,True,False,False,True,neutral,
yandex_reviews_docx,,,,https://reviews.yandex.ru/product/park-razvlechenii-ostrov-mechty--64749272,,,2026-05-08,public_review_excerpt,"Каких-то гигантских очередей особо не было, минут по 15-20 везде стояли, только на «молоте» муж стоял около 35 минут. Мы быт в парке до 21.30 и вечером уже совсем не было посетителей и никакой очереди нигде.",True,False,False,False,False,False,neutral,
yandex_reviews_docx,,,,https://reviews.yandex.ru/product/park-razvlechenii-ostrov-mechty--64749272,,,2026-05-08,public_review_excerpt,"2. Очереди. В большинстве мест с этим проблем нет. Но есть пункты с ожиданием 30+ минут. Тут хотелось бы изначально понимать срок ожидания. Было бы неплохо, если были уведомления.",True,False,False,False,False,False,negative,
yandex_reviews_docx,,,,https://reviews.yandex.ru/product/park-razvlechenii-ostrov-mechty--64749272,,,2026-05-08,public_review_excerpt,"Вобщем, проект действительно масштабный и перспективный. Нужно очень много лилий вложить именно в сервис. Сильно сильно страдает и бросается в глаза. Очень далеко от Диснейленда и тд в первую очередь из за сотрудников и сервиса. Деньги вкладывать именно сюда в первую очередь.",True,False,False,False,False,False,neutral,
yandex_reviews_docx,,,,https://reviews.yandex.ru/product/park-razvlechenii-ostrov-mechty--64749272,,,2026-05-08,public_review_excerpt,"Ну что. Очереди. Это понятно. Но ценник??? Просим элементарные скидки для многодетных. Привезти семью из 7-9 человек, из другого города, потратить деньги не только на дорогу с бензином и едой, но ещё и на вход..",True,True,False,False,False,False,neutral,
yandex_reviews_docx,,,,https://reviews.yandex.ru/product/park-razvlechenii-ostrov-mechty--64749272,,,2026-05-08,public_review_excerpt,"Недавно ездили в парк остров мечты,у брата было день рождение. За 4 человек отдали 15 тыс рублей,и это ещё стандарт,хотели купить фаст пасс (слава богу не купили) но это выходило бы в 50-60 тыс рублей, и оказалось бы совершенно бесполезным на некоторых аттракционах. В будни очереди не такие большие но это на какие карусели смотреть. Заехать было просто невозможно, полчаса кружили вокруг стройки,в итоге всё же заехали.",True,False,False,False,False,False,negative,Лава
yandex_reviews_docx,,,,https://reviews.yandex.ru/product/park-razvlechenii-ostrov-mechty--64749272,,,2026-05-08,public_review_excerpt,"Максимальная выкачка денег буквально на каждом шагу,рестораны с безвкусной едой,китайские магазины с криво сделанными игрушками,на каждом углу еда сделанная как будто из пенопласта,вкус совершенно одинаковый, после еды становится плохо,как будто кирпичей поела. Еда довольно дорогая, кусочек пиццы-200 рублей,бутылка колы или воды-115-250 рублей,хотя в той же самой пятёрочке её точно такую же можно купить за 70 рублей. Пицца с привкусом пластика и сырым тестом, к еде крайне не советую,будет болеть живот. Хотели посетить некоторые аттракционы,ехали по сути ради них: закрыто. Когда приезжали ранее очереди были километровые,сейчас вроде меньше. Единственные аттракционы которые я могу посоветовать к посещению это кобра и полёт в тонеле,для смелых молот судьбы,остальные не более чем детская карусель от которой даже адреналин не поймать. Можно сходить один раз но не более если не хотите лишиться годовых сбережений за пару часов",True,False,False,False,False,False,negative,Молот судьбы
yandex_reviews_docx,,,,https://reviews.yandex.ru/product/park-razvlechenii-ostrov-mechty--64749272,,,2026-05-08,public_review_excerpt,"Поначалу кажется красиво, но ощущение радости исчезает уже через десять минут. Вместо волшебства — бесконечные очереди, перегруженные аттракционы и густой запах фастфуда, который преследует повсюду. Даже воздух кажется искусственным, будто его тоже купили оптом.",True,False,False,False,False,False,neutral,
yandex_reviews_docx,,,,https://reviews.yandex.ru/product/park-razvlechenii-ostrov-mechty--64749272,,,2026-05-08,public_review_excerpt,"Хозяин этого места вполне мог бы сойти за того самого Спрута из “Незнайки” — обвил своими щупальцами каждый метр, каждую кассу и каждый стакан газировки. Цены завышены, очереди разделены: для «богатых» — отдельный проход, для остальных — стой, смотри и плати.",True,True,False,False,False,False,neutral,
yandex_reviews_docx,,,,https://reviews.yandex.ru/product/park-razvlechenii-ostrov-mechty--64749272,,,2026-05-08,public_review_excerpt,"Итак, первый раз был в июле, будний день. Взяли билеты по тарифу «семейный», стоило 9900. Приехали в парк часам к 14, ушли из него часов в 18-19. Успели прокатиться, внимание, на ТРЁХ аттракционах. При этом простояв в очереди на Молот Судьбы часа полтора. Да, очереди летом даже в будний день огромные. Все потные, уставшие. На Молот еще крайне неудачно расположена сама очередь - в тесном узком помещении, без адекватной вентиляции. Но первым был Полет в Тоннеле. Там очередь была не особо большая, минут за 10 уже прошли. Чуть не умерли! Никогда, слышите - никогда - не идите на Полет в Тоннеле неподготовленными) крутит и вертит там мама не горюй. Вышли все в слезах, соплях, с хрустящими шеями и заклиневшими спинами)) Ну и последним была Мельница. Вот это кайф! Очень приятный аттракцион, с очень хорошими сиденьями и креплениями, на нём даже не чувствуешь, что тебя вертит вниз головой.",True,True,False,False,False,False,negative,Мельница;Молот судьбы
yandex_reviews_docx,,,,https://reviews.yandex.ru/product/park-razvlechenii-ostrov-mechty--64749272,,,2026-05-08,public_review_excerpt,"Обязательно поедем на Остров Мечты еще (и, надеюсь, не один раз), но теперь будем брать билеты только на экспресс-вход! Даже если пойдем не в сезон. Ибо в очереди не хочется терять ни минуты времени в таком замечательном месте. А ощущения от аттракционов и удовольствие проходить везде, как короли, стоят каждого заявленного в цене экспресс-билетов рубля!",True,True,False,True,False,False,neutral,
